123108115	DASHA_MOO	
158041584	ezemtsov	–±—É–∫–≤–∞–ª—å–Ω–æ –∫–æ–ª–æ–∫–æ–ª –Ω–∞ –≥–æ–ª–æ–≤–µüëç
123108115	DASHA_MOO	
102788280	temamoo	–ö–ª–∞—Å—Å :)
267746042	Ivan_Horoshist	
267746042	Ivan_Horoshist	http://www.thg.ru/technews/20171223_121400.html
158041584	ezemtsov	—Ç–∞–º–∞—Ä –Ω–µ –∫–æ—Ä–∏ —Å–µ–±—è, –º—ã –≤—Å–µ –ø–æ–ª–Ω—ã –ø–ª–∞–Ω–æ–≤, –ø—Ä–æ—Å—Ç–æ –º–Ω–æ–≥–∏–µ —ç—Ç–æ–≥–æ –Ω–µ –æ—Å–æ–∑–Ω–∞—é—Ç
282449423	voayagen1	–í–æ—Ç —Ç—ã –≤—Å–µ, –ø—Ä–∏–≥–ª–∞—à–∞–µ—à—å, –∫–æ–≥–¥–∞ —è —É–∂–µ –ø–æ–ª–Ω–∞ –ø–ª–∞–Ω–æ–≤. –ù—É –Ω–∏—á–µ–≥–æ, –Ω–∞—Å—Ç—É–ø–∏—Ç –¥–µ–Ω—å!
158041584	ezemtsov	–ø–∏—à–∏ üôÇ
267746042	Ivan_Horoshist	–ü—Ä–∏–≤–µ—Ç :)) –º–Ω–µ —â–∞ –Ω—É–∂–Ω–æ –Ω–∞ –¥–∞—á—É —Å—ä–µ–∑–¥–∏—Ç—å –∏ –æ—Ç–≤–µ–∑—Ç–∏ –¥–∏–≤–∞–Ω –∏ —á–µ—Ä–µ–∑ —á–∞—Å–∏–∫–∞ —Ç—Ä–∏ —è –æ–º–≤–æ–±–æ–∂—É—Å—å
158041584	ezemtsov	"–ï—Å–ª–∏ —É—Ç—Ä–æ –Ω–∞—Å—Ç—É–ø–∞–µ—Ç –≤ —Ç—Ä–∏ -
–ß–µ—Ä–µ–∑ –¥–≤–∞ —á–∞—Å–∞ —É–∂–µ –∑–∞–∂–≥—É—Ç —Ñ–æ–Ω–∞—Ä–∏.
–£–∂–µ –∫–æ–Ω—á–∏–ª—Å—è –¥–µ–Ω—å, –∞ —è —Ç–æ–ª—å–∫–æ –≤—Å—Ç–∞–ª,
–ê —è —Ç–æ–ª—å–∫–æ —á—Ç–æ –≤—Å—Ç–∞–ª –∏ —É–∂–µ —É—Å—Ç–∞–ª"
158041584	ezemtsov	—è —Ç–æ–ª—å–∫–æ –ø—Ä–æ—Å–Ω—É–ª—Å—è –Ω–∞ –∫–æ–∂—É—Ö–µ –∏ –≥–æ–ª–æ–¥–µ–Ω –¥–æ –ø—Ä–∏–∫–ª—é—á–µ–Ω–∏–π
158041584	ezemtsov	–∫—Ç–æ —Å–µ–≥–æ–¥–Ω—è —Å–µ–≥–æ–¥–Ω—è –≤ –º–æ—Å–∫–≤–µ –∏ –∫—É—Ç–∏—Ç?
127122868		–û–∫—Å—Ç–∏—Å—å!
158041584	ezemtsov	–≤–æ—Å–ø–∏—Ç–∞—Ç–µ–ª—å –±—Ä—é 24
158041584	ezemtsov	–æ—Ö–æ—Ö–æ—Ö–æ—Ö–æ
158041584	ezemtsov	
158041584	ezemtsov	–∫—Ä—É–≥–æ–º –æ–±–º–∞–Ω
158041584	ezemtsov	–Ω–µ –±—ã–ª–æ —Ç–∞–∫–æ–≥–æ
158041584	ezemtsov	—É—Ç–∫–∞ —Å —Ñ–µ–π—Å–±—É–∫–∞ –∂–µ
267746042	Ivan_Horoshist	
158041584	ezemtsov	üòò
102788280	temamoo	–≠—Ç–æ –∞–≤—Ç–æ—Å—Ç–∞–Ω—Ü–∏—è :)
145144954		–ñ–µ–Ω—è, —É–≥–æ—Ä–∞–µ–º –ø–æ–¥ —ç—Ç—É –ø–µ—Å–Ω—é –≤ –¢–∞–µ
145144954		
158041584	ezemtsov	—Ä–∞–∑–≤–ª–µ–∫–∞–π—Ç–µ—Å—å —Ç–∞–º, —Å–ª–∏—à–∫–æ–º –º–Ω–æ–≥–æ –Ω–µ —Å–≤–∏–Ω–≥–µ—Ä—Å—Ç–≤—É–π—Ç–µ, –∞ —Ç–æ –∑–∞–≤–∏–¥–Ω–æ –∂–µ
158041584	ezemtsov	—Å —ç—Ç–æ–π —á–∞—Å—Ç—å—é —è —Å–ø—Ä–∞–≤–∏–ª—Å—èüòÉ
102788280	temamoo	–≠—Ç–æ –º—ã –≤—Å—Ç—Ä–µ—Ç–∏–ª–∏—Å—å :)
158041584	ezemtsov	–∞ –º–∏—à–∞ –∫–∞–∫ –±—É–¥—Ç–æ —Å–æ —Å—Ç–∞–¥–∏–æ–Ω–∞ –∏ –Ω–µ —É—à—ë–ª
158041584	ezemtsov	–¥–∞—à–∫–∞ —É–∂–µ –º–∞–¥–∞–º –≥—Ä–∏–ª—å
158041584	ezemtsov	—ç—Ç–æ —Ç–∞–π—Å–∫–∏–π –∫–∏–Ω–æ—Ç–µ–∞—Ç—Ä?üôÇ
102788280	temamoo	
102788280	temamoo	
158041584	ezemtsov	–º–∏–º–∏–º–∏
102788280	temamoo	
123108115	DASHA_MOO	–°–Ω–µ–≥ –û_–æ
123108115	DASHA_MOO	–û—Ñ–∏–≥–µ–Ω–Ω–æ!
267746042	Ivan_Horoshist	–≤—Å–µ —Ç–æ–ª—å–∫–æ —Å–ø—É—Å—Ç—è —Å—É—Ç–∫–∏ –ø–µ—Ä–µ–≤–∞—Ä–∏–ª–∏ –Ω–æ–≤–æ—Å—Ç—å))
158041584	ezemtsov	
145144954		
282449423	voayagen1	–û—Å—Ç–∞–Ω–æ–≤–∏—Ç–µ –ø–ª–∞–Ω–µ—Ç—É, –í–∏—Ç–µ –Ω–∞–¥–æ –≤—ã–π—Ç–∏
102788280	temamoo	
267746042	Ivan_Horoshist	https://tjournal.ru/63713
267746042	Ivan_Horoshist	–û–∫–µ–π, –Ω–∞–ø–∏—à–∏ –∫–∞–∫ –±—É–¥–µ—à—å –Ω–∞ –º–µ—Å—Ç–µ :)
158041584	ezemtsov	–µ–¥—É
158041584	ezemtsov	–º–æ–∂–µ—Ç –∑–∞–≥–ª—è–Ω—É
267746042	Ivan_Horoshist	–ë—É–¥–µ—Ç) –Ω–∞—á–∞–ª–æ –≤ 22
158041584	ezemtsov	–∞ —Ç—Ä–µ—à –∏ —É–≥–∞—Ä –±—É–¥–µ—Ç?
158041584	ezemtsov	@Ivan_Horoshist –ø–æ–¥—É–º—ã–≤–∞—é –ø–æ–¥–∫–∞—Ç–∏—Ç—å, –≤–æ —Å–∫–æ–ª—å–∫–æ –Ω–∞—á–∞–ª–æ?
267746042	Ivan_Horoshist	–ó–∞–≤—Ç—Ä–∞ –°–∞—à–∞ –ö–∞–±–∞–ª–µ–Ω–æ–≤ –¥–µ–Ω—å —Ä–æ–∂–¥–µ–Ω–∏—è –ø—Ä–æ–∞–∑–¥–Ω—É–µ—Ç –≤–æ—Ç —Ç—É—Ç: https://www.facebook.com/events/309115036251693/ ,  —è —Ç–∞–º –±—É–¥—É)
158041584	ezemtsov	–≥–æ—Å–ø–æ–¥–∞ –º–æ—Å–∫–æ–≤—Å–∫–∏–µ, —è –≤ –º–æ—Å–∫–≤–µ. –≤ —Å—É–±–±–æ—Ç—É –ø–æ–∑–¥–Ω–æ –≤–µ—á–µ—Ä–æ–º/–≤–æ—Å–∫—Ä–µ—Å–µ–Ω—å–µ –≥–æ—Ç–æ–≤ –Ω–∞ –ª—é–±—ã–µ —Å–æ–≤–º–µ—Å—Ç–Ω—ã–µ –ø–æ–¥–≤–∏–≥–∏, –ø–∏—à–∏—Ç–µ
158041584	ezemtsov	@temamoo
158041584	ezemtsov	
233654922		üòçüòçüòç
158041584	ezemtsov	
158041584	ezemtsov	https://youtu.be/SI1J2bbbOt4
158041584	ezemtsov	http://money.visualcapitalist.com/worlds-money-markets-one-visualization-2017/
158041584	ezemtsov	
158041584	ezemtsov	–¥–∞ –ø—Ä–∏–±—É–¥—É—Ç –ø–µ–ª—å–º–µ–Ω–∏
158041584	ezemtsov	
158041584	ezemtsov	–Ω–∏–∫–æ–≥–¥–∞ –Ω–µ –ø–æ–∑–¥–Ω–æ —Å—ç–∫–æ–Ω–æ–º–∏—Ç—å
127122868		–Ø –Ω–µ —É—Å–ø–µ–ª —Å—ç–∫–æ–Ω–æ–º–∏—Ç—å, –∞ –æ–Ω —É—à–µ–ª(((
158041584	ezemtsov	ü§ó
158041584	ezemtsov	
267746042	Ivan_Horoshist	))))))
158041584	ezemtsov	
158041584	ezemtsov	
267746042	Ivan_Horoshist	–í–µ—Ä–æ—è—Ç–Ω–æ. –Ø–Ω–¥–µ–∫—Å —Å–Ω–∞—á–∞–ª–∞ –∞–≥—Ä–µ–≥–∞—Ç–æ—Ä –∫–∞—Ä—à–µ—Ä–∏–Ω–≥–∞ –∑–∞–ø–∏–ª–∏–ª. –í–∏–¥–∏–º–æ –ø—Ä–æ–∞–Ω–∞–ª–∏–∑–∏—Ä–æ–≤–∞–ª–∏ –¥–∞–Ω–Ω—ã–µ –∏ –ø–æ—Å–ª–µ —ç—Ç–æ–≥–æ –ø—Ä–∏–Ω—è–ª —Ä–µ—à–µ–Ω–∏–µ)
145144954		–ù–µ—É–∂–µ–ª–∏ —ç—Ç–æ –≤—Å–µ —Ç–∞–∫–∏ –ø—Ä–∏–±—ã–ª—å–Ω—ã–π –±–∏–∑–Ω–µ—Å?
267746042	Ivan_Horoshist	"¬´–Ø–Ω–¥–µ–∫—Å¬ª –∞–Ω–æ–Ω—Å–∏—Ä–æ–≤–∞–ª –∑–∞–ø—É—Å–∫ —Å–æ–±—Å—Ç–≤–µ–Ω–Ω–æ–≥–æ –∫–∞—Ä—à–µ—Ä–∏–Ω–≥–∞ ¬´–Ø–Ω–¥–µ–∫—Å.–î—Ä–∞–π–≤¬ª. 

‚Äî –∑–∞–ø—É—Å–∫ –≤ —Ñ–µ–≤—Ä–∞–ª–µ 2018 –≥–æ–¥–∞, –¥–æ —ç—Ç–æ–≥–æ –º–æ–∂–Ω–æ –∫–æ–ø–∏—Ç—å –±–æ–Ω—É—Å—ã —Å –ø–æ–º–æ—â—å—é –ø–æ–µ–∑–¥–æ–∫ –Ω–∞ ¬´–Ø–Ω–¥–µ–∫—Å.–¢–∞–∫—Å–∏¬ª,

‚Äî –∫–æ–º–ø–∞–Ω–∏—è –ø—Ä–µ–¥–ª–æ–∂–∏—Ç –º–∞—à–∏–Ω—ã Renault Kaptur, Kia Rio –∏ Kia Rio X-Line,

‚Äî —Ç–∞—Ä–∏—Ñ—ã –Ω–µ —Ä–∞–∑–≥–ª–∞—à–∞—é—Ç—Å—è,

‚Äî –ø–æ —Å–ª—É—Ö–∞–º, ¬´–Ø–Ω–¥–µ–∫—Å¬ª –≤—ã–≤–µ–¥–µ—Ç –≤ –ú–æ—Å–∫–≤—É –æ–∫–æ–ª–æ –ø—è—Ç–∏ —Ç—ã—Å—è—á –º–∞—à–∏–Ω. –ö –∞–≤–≥—É—Å—Ç—É 2017 –≥–æ–¥–∞ —É –≤—Å–µ—Ö –º–æ—Å–∫–æ–≤—Å–∫–∏—Ö –∫–∞—Ä—à–µ—Ä–∏–Ω–≥–æ–≤ –±—ã–ª–æ 2,5 —Ç—ã—Å—è—á–∏ –º–∞—à–∏–Ω. –°—Ç–æ–ª–∏—á–Ω—ã–µ –≤–ª–∞—Å—Ç–∏ —Å—á–∏—Ç–∞—é—Ç, —á—Ç–æ –≥–æ—Ä–æ–¥—É —Ö–≤–∞—Ç–∏—Ç 10-15 —Ç—ã—Å—è—á –∫–∞—Ä—à–µ—Ä–∏–Ω–≥–æ–≤—ã—Ö –∞–≤—Ç–æ–º–æ–±–∏–ª–µ–π https://vc.ru/30338"
158041584	ezemtsov	–≤–ø—Ä–æ—á–µ–º –¥–æ–∫–∞–∑–∞—Ç–µ–ª—å—Å—Ç–≤ —á—Ç–æ —ç—Ç–æ –æ–ª–µ–Ω—å - –Ω–µ—Ç, –ø—Ä–∏—Ö–æ–¥–∏—Ç—Å—è –≤–µ—Ä–∏—Ç—å –Ω–∞ —Å–ª–æ–≤–æ
158041584	ezemtsov	–Ω–∞ –±–µ—Ñ—Å—Ç—Ä–æ–≥–∞–Ω–æ–≤
233654922		–ù–∞ —á—Ç–æ –æ–Ω –ø–æ—Ö–æ–∂? üôà
158041584	ezemtsov	*—Ç–æ—Ç —Å–∞–º—ã–π –º–æ–º–µ–Ω—Ç –∫–æ–≥–¥–∞ —Ç—ã –æ—Å–æ–±–µ–Ω–Ω–æ —á—É–≤—Å—Ç–≤—É–µ—à—å —Å–µ–±—è –≤ —Å–∫–∞–Ω–¥–∏–Ω–∞–≤–∏–∏*
158041584	ezemtsov	—É –Ω–∞—Å –Ω–∞ –æ–±–µ–¥ –æ–ª–µ–Ω—å ü¶å
158041584	ezemtsov	https://youtu.be/xSGnzbGcCDg
158041584	ezemtsov	
267746042	Ivan_Horoshist	This module is like violence: if it doesn‚Äôt work, you just need more of it. –ö–∞–∫ –º–∏–ª–æ))
145144954		–û—á–µ–≤–∏–¥–Ω–æ –∂–µ, –∫–æ–≥–¥–∞ –≤ —è—â–∏–∫ —Å—ã–≥—Ä–∞–µ—Ç
102788280	temamoo	–ö–æ–≥–¥–∞ —É–∂–µ –ø–æ—Ä—Ç—Ä–µ—Ç –ü—É –±—É–¥–µ—Ç –Ω–∞ –∫—É–ø—é—Ä–∞—Ö?
145144954		–¢–æ–∫–∞ –ø–æ–º–µ–Ω—å—à–µ)
127122868		–ö–∞–∫ –µ–≤—Ä–æ)
127122868		–ö—Ä—É—Ç—å
233654922		–ü—Ä–∏–∫–æ–ª—å–Ω—ã–µ! –Ø—Ä–∫–∏–µ üåü
145144954		
158041584	ezemtsov	https://pypi.python.org/pypi/fuckit
158041584	ezemtsov	–±–∞–ª–∫–æ–Ω—á–∏–∫ –µ—Å—Ç—å?üòÉ
102788280	temamoo	–ü–æ—Å–µ–ª–∏–ª–∏—Å—å –Ω–∞ 68 —ç—Ç–∞–∂–µ
158041584	ezemtsov	üßõ‚Äç‚ôÇÔ∏è
158041584	ezemtsov	–º–æ—à –∂–æ–ª–∂–µ–Ω
102788280	temamoo	–ü–æ–¥—ä–µ–∑–∂–∞–µ–º –∫ –æ—Ç–µ–ª—é
158041584	ezemtsov	–ú–∏–Ω—è –Ω–∏–∫—Ç–æ –Ω–µ –ø—Ä–∏–≥–ª–∞—à–∞–ª üòê
102788280	temamoo	https://t.me/joinchat/AAAAAFEIDuLMQWHWAwkeZg
145144954		–¢–æ–≥–¥–∞ –º–æ—à –∂–æ–ª–∂–µ–Ω –¥–æ–±–∞–≤–∏—Ç—å
158041584	ezemtsov	–¢–∞–º –Ω–∞–≤–µ—Ä–Ω–æ–µ –º–æ–∂–Ω–æ —Ç–æ–ª—å–∫–æ –≤–∑—Ä–æ—Å–ª—ã–º
158041584	ezemtsov	–ó–∏—Å —á—ç–Ω–Ω—ç–ª –∏–∑ –ø—Ä–∏–≤–∞—Ç
267746042	Ivan_Horoshist	–∞–¥ —ç–ª–µ–∫—Ç—Ä–∏–∫–∞
102788280	temamoo	–ú—ã –≤ –ë–∞–Ω–≥–∫–æ–∫–µ
158041584	ezemtsov	–ö–æ—Ç–æ—Ä—ã–π?
